{
  "placeholderImages": [
    {
      "id": "hero-bg",
      "description": "Professional mobile technician working on a circuit board with gold accents",
      "imageUrl": "https://picsum.photos/seed/phonegold1/1200/600",
      "imageHint": "mobile repair tools"
    },
    {
      "id": "repair-1",
      "description": "Close up of a premium smartphone screen replacement",
      "imageUrl": "https://picsum.photos/seed/screenrepair/800/600",
      "imageHint": "smartphone screen"
    },
    {
      "id": "repair-2",
      "description": "High-precision micro-soldering on a high-end logic board",
      "imageUrl": "https://picsum.photos/seed/solderinggold/800/600",
      "imageHint": "electronic soldering"
    },
    {
      "id": "repair-3",
      "description": "A collection of high-quality official smartphone spare parts",
      "imageUrl": "https://picsum.photos/seed/phoneparts/800/600",
      "imageHint": "phone hardware"
    },
    {
      "id": "before-repair",
      "description": "A severely shattered high-end smartphone screen",
      "imageUrl": "https://picsum.photos/seed/shattered/600/400",
      "imageHint": "broken smartphone"
    },
    {
      "id": "after-repair",
      "description": "A perfectly restored smartphone with a pristine display",
      "imageUrl": "https://picsum.photos/seed/restored/600/400",
      "imageHint": "fixed smartphone"
    }
  ]
}